Employee ID,Date,Time-in,Time-out
10001,1/9/2022,8:00,17:00
10001,1/11/2022,0:00,0:00
10001,1/12/2022,8:00,17:00
10001,2/9/2022,8:00,17:00
10001,2/11/2022,8:00,17:00
10001,2/12/2022,8:00,17:00
10001,3/10/2022,8:00,17:00
10001,3/11/2022,8:00,17:00
10001,4/10/2022,8:00,17:00
10001,4/11/2022,8:00,17:00
10001,5/9/2022,8:00,17:00
10001,5/10/2022,8:00,17:00
10001,5/12/2022,8:00,17:00
10001,6/9/2022,8:00,17:00
10001,6/10/2022,8:00,17:00
10001,6/12/2022,8:00,17:00
10001,7/9/2022,8:00,17:00
10001,7/10/2022,8:00,17:00
10001,7/11/2022,8:00,17:00
10001,7/12/2022,8:00,17:00
10001,8/9/2022,8:00,17:00
10001,8/11/2022,8:00,17:00
10001,8/12/2022,0:00,0:00
10001,9/9/2022,8:00,17:00
10001,9/11/2022,8:00,17:00
10001,9/12/2022,8:00,17:00
10001,9/13/2022,8:00,17:00
10001,9/14/2022,8:00,17:00
10001,9/15/2022,8:00,17:00
10001,9/16/2022,8:00,17:00
10001,9/19/2022,8:00,17:00
10001,9/20/2022,8:00,17:00
10001,9/21/2022,8:00,17:00
10001,9/22/2022,8:00,17:00
10001,9/23/2022,8:00,17:00
10001,9/26/2022,8:00,17:00
10001,9/27/2022,8:00,17:00
10001,9/28/2022,8:00,17:00
10001,9/29/2022,8:00,17:00
10001,9/30/2022,8:00,17:00
10001,10/10/2022,8:00,17:00
10001,10/11/2022,8:00,17:00
10001,10/13/2022,8:00,17:00
10001,10/14/2022,8:00,17:00
10001,10/17/2022,8:00,17:00
10001,10/18/2022,8:00,17:00
10001,10/19/2022,8:00,17:00
10001,10/20/2022,8:00,17:00
10001,10/21/2022,8:00,17:00
10001,10/24/2022,8:00,17:00
10001,10/25/2022,8:00,17:00
10001,10/26/2022,8:00,17:00
10001,10/27/2022,8:00,17:00
10001,10/28/2022,8:00,17:00
10001,10/31/2022,8:00,17:00
10001,11/10/2022,8:00,17:00
10001,11/11/2022,8:00,17:00
10001,11/14/2022,8:00,17:00
10001,11/15/2022,8:00,17:00
10001,11/16/2022,8:00,17:00
10001,11/17/2022,8:00,17:00
10001,11/18/2022,8:00,17:00
10001,11/21/2022,8:00,17:00
10001,11/22/2022,8:00,17:00
10001,11/23/2022,8:00,17:00
10001,11/24/2022,8:00,17:00
10001,11/25/2022,8:00,17:00
10001,11/28/2022,8:00,17:00
10001,11/29/2022,8:00,17:00
10001,11/30/2022,0:00,0:00
10001,12/9/2022,8:00,17:00
10001,12/10/2022,8:00,17:00
10001,12/12/2022,8:00,17:00
10001,12/13/2022,8:00,17:00
10001,12/14/2022,8:00,17:00
10001,12/15/2022,8:00,17:00
10001,12/16/2022,8:00,17:00
10001,12/19/2022,8:00,17:00
10001,12/20/2022,8:00,17:00
10001,12/21/2022,8:00,17:00
10001,12/22/2022,8:00,17:00
10001,12/23/2022,8:00,17:00
10001,12/26/2022,8:00,17:00
10001,12/27/2022,8:00,17:00
10001,12/28/2022,8:00,17:00
10001,12/29/2022,8:00,17:00
10001,12/30/2022,0:00,0:00
10002,1/9/2022,8:00,17:00
10002,1/11/2022,0:00,0:00
10002,1/12/2022,8:00,17:00
10002,2/9/2022,8:00,17:00
10002,2/11/2022,8:00,17:00
10002,2/12/2022,8:00,17:00
10002,3/10/2022,8:00,17:00
10002,3/11/2022,8:00,17:00
10002,4/10/2022,8:00,17:00
10002,4/11/2022,8:00,17:00
10002,5/9/2022,8:00,17:00
10002,5/10/2022,8:00,17:00
10002,5/12/2022,8:00,17:00
10002,6/9/2022,8:00,17:00
10002,6/10/2022,8:00,17:00
10002,6/12/2022,8:00,17:00
10002,7/9/2022,8:00,17:00
10002,7/10/2022,8:00,17:00
10002,7/11/2022,8:00,17:00
10002,7/12/2022,8:00,17:00
10002,8/9/2022,8:00,17:00
10002,8/11/2022,8:00,17:00
10002,8/12/2022,0:00,0:00
10002,9/9/2022,8:00,17:00
10002,9/11/2022,8:00,17:00
10002,9/12/2022,8:00,17:00
10002,9/13/2022,8:00,17:00
10002,9/14/2022,8:00,17:00
10002,9/15/2022,8:00,17:00
10002,9/16/2022,8:00,17:00
10002,9/19/2022,8:00,17:00
10002,9/20/2022,8:00,17:00
10002,9/21/2022,8:00,17:00
10002,9/22/2022,8:00,17:00
10002,9/23/2022,8:00,17:00
10002,9/26/2022,8:00,17:00
10002,9/27/2022,8:00,17:00
10002,9/28/2022,8:00,17:00
10002,9/29/2022,8:00,17:00
10002,9/30/2022,8:00,17:00
10002,10/10/2022,8:00,17:00
10002,10/11/2022,8:00,17:00
10002,10/13/2022,8:00,17:00
10002,10/14/2022,8:00,17:00
10002,10/17/2022,8:00,17:00
10002,10/18/2022,8:00,17:00
10002,10/19/2022,8:00,17:00
10002,10/20/2022,8:00,17:00
10002,10/21/2022,8:00,17:00
10002,10/24/2022,8:00,17:00
10002,10/25/2022,8:00,17:00
10002,10/26/2022,8:00,17:00
10002,10/27/2022,8:00,17:00
10002,10/28/2022,8:00,17:00
10002,10/31/2022,8:00,17:00
10002,11/10/2022,8:00,17:00
10002,11/11/2022,8:00,17:00
10002,11/14/2022,8:00,17:00
10002,11/15/2022,8:00,17:00
10002,11/16/2022,8:00,17:00
10002,11/17/2022,8:00,17:00
10002,11/18/2022,8:00,17:00
10002,11/21/2022,8:00,17:00
10002,11/22/2022,8:00,17:00
10002,11/23/2022,8:00,17:00
10002,11/24/2022,8:00,17:00
10002,11/25/2022,8:00,17:00
10002,11/28/2022,8:00,17:00
10002,11/29/2022,8:00,17:00
10002,11/30/2022,0:00,0:00
10002,12/9/2022,8:00,17:00
10002,12/10/2022,8:00,17:00
10002,12/12/2022,8:00,17:00
10002,12/13/2022,8:00,17:00
10002,12/14/2022,8:00,17:00
10002,12/15/2022,0:00,0:00
10002,12/16/2022,0:00,0:00
10002,12/19/2022,0:00,0:00
10002,12/20/2022,0:00,0:00
10002,12/21/2022,0:00,0:00
10002,12/22/2022,0:00,0:00
10002,12/23/2022,0:00,0:00
10002,12/26/2022,0:00,0:00
10002,12/27/2022,0:00,0:00
10002,12/28/2022,0:00,0:00
10002,12/29/2022,0:00,0:00
10002,12/30/2022,0:00,0:00
10003,1/9/2022,8:00,17:00
10003,1/11/2022,0:00,0:00
10003,1/12/2022,8:00,17:00
10003,2/9/2022,8:00,17:00
10003,2/11/2022,8:00,17:00
10003,2/12/2022,11:30,17:00
10003,3/10/2022,8:00,17:00
10003,3/11/2022,11:30,17:00
10003,4/10/2022,8:00,17:00
10003,4/11/2022,8:00,17:00
10003,5/9/2022,8:00,17:00
10003,5/10/2022,11:30,17:00
10003,5/12/2022,8:00,17:00
10003,6/9/2022,11:30,17:00
10003,6/10/2022,8:00,17:00
10003,6/12/2022,8:00,17:00
10003,7/9/2022,8:00,17:00
10003,7/10/2022,8:00,17:00
10003,7/11/2022,8:00,17:00
10003,7/12/2022,8:00,17:00
10003,8/9/2022,8:00,17:00
10003,8/11/2022,8:00,17:00
10003,8/12/2022,0:00,0:00
10003,9/9/2022,8:00,17:00
10003,9/11/2022,8:00,17:00
10003,9/12/2022,8:00,17:00
10003,9/13/2022,8:00,17:00
10003,9/14/2022,8:00,17:00
10003,9/15/2022,11:30,17:00
10003,9/16/2022,8:00,17:00
10003,9/19/2022,8:00,17:00
10003,9/20/2022,8:00,17:00
10003,9/21/2022,8:00,17:00
10003,9/22/2022,8:00,17:00
10003,9/23/2022,8:00,17:00
10003,9/26/2022,11:30,17:00
10003,9/27/2022,8:00,17:00
10003,9/28/2022,8:00,17:00
10003,9/29/2022,8:00,17:00
10003,9/30/2022,8:00,17:00
10003,10/10/2022,8:00,17:00
10003,10/11/2022,8:00,17:00
10003,10/13/2022,8:00,17:00
10003,10/14/2022,11:30,17:00
10003,10/17/2022,8:00,17:00
10003,10/18/2022,8:00,17:00
10003,10/19/2022,8:00,17:00
10003,10/20/2022,8:00,17:00
10003,10/21/2022,8:00,17:00
10003,10/24/2022,8:00,17:00
10003,10/25/2022,11:30,17:00
10003,10/26/2022,8:00,17:00
10003,10/27/2022,8:00,17:00
10003,10/28/2022,8:00,17:00
10003,10/31/2022,8:00,17:00
10003,11/10/2022,8:00,17:00
10003,11/11/2022,8:00,17:00
10003,11/14/2022,11:30,17:00
10003,11/15/2022,8:00,17:00
10003,11/16/2022,8:00,17:00
10003,11/17/2022,8:00,17:00
10003,11/18/2022,8:00,17:00
10003,11/21/2022,8:00,17:00
10003,11/22/2022,8:00,17:00
10003,11/23/2022,11:30,17:00
10003,11/24/2022,8:00,17:00
10003,11/25/2022,8:00,17:00
10003,11/28/2022,8:00,17:00
10003,11/29/2022,8:00,17:00
10003,11/30/2022,0:00,0:00
10003,12/9/2022,8:00,17:00
10003,12/10/2022,8:00,17:00
10003,12/12/2022,8:00,17:00
10003,12/13/2022,11:30,17:00
10003,12/14/2022,8:00,17:00
10003,12/15/2022,0:00,0:00
10003,12/16/2022,0:00,0:00
10003,12/19/2022,0:00,0:00
10003,12/20/2022,0:00,0:00
10003,12/21/2022,0:00,0:00
10003,12/22/2022,0:00,0:00
10003,12/23/2022,0:00,0:00
10003,12/26/2022,0:00,0:00
10003,12/27/2022,0:00,0:00
10003,12/28/2022,0:00,0:00
10003,12/29/2022,0:00,0:00
10003,12/30/2022,0:00,0:00
10004,1/9/2022,8:00,17:00
10004,1/11/2022,0:00,0:00
10004,1/12/2022,8:00,17:00
10004,2/9/2022,8:00,17:00
10004,2/11/2022,8:00,17:00
10004,2/12/2022,8:00,17:00
10004,3/10/2022,8:00,17:00
10004,3/11/2022,8:00,17:00
10004,4/10/2022,8:00,17:00
10004,4/11/2022,8:00,17:00
10004,5/9/2022,8:00,17:00
10004,5/10/2022,8:00,17:00
10004,5/12/2022,8:00,17:00
10004,6/9/2022,8:00,17:00
10004,6/10/2022,8:00,17:00
10004,6/12/2022,8:00,17:00
10004,7/9/2022,8:00,17:00
10004,7/10/2022,8:00,17:00
10004,7/11/2022,8:00,17:00
10004,7/12/2022,8:00,17:00
10004,8/9/2022,8:00,17:00
10004,8/11/2022,8:00,17:00
10004,8/12/2022,0:00,0:00
10004,9/9/2022,8:00,17:00
10004,9/11/2022,8:00,17:00
10004,9/12/2022,8:00,17:00
10004,9/13/2022,8:00,17:00
10004,9/14/2022,8:00,17:00
10004,9/15/2022,8:00,17:00
10004,9/16/2022,8:00,17:00
10004,9/19/2022,8:00,17:00
10004,9/20/2022,8:00,17:00
10004,9/21/2022,8:00,17:00
10004,9/22/2022,8:00,17:00
10004,9/23/2022,8:00,17:00
10004,9/26/2022,8:00,17:00
10004,9/27/2022,8:00,17:00
10004,9/28/2022,8:00,17:00
10004,9/29/2022,8:00,17:00
10004,9/30/2022,8:00,17:00
10004,10/10/2022,8:00,17:00
10004,10/11/2022,8:00,17:00
10004,10/13/2022,8:00,17:00
10004,10/14/2022,8:00,17:00
10004,10/17/2022,8:00,17:00
10004,10/18/2022,8:00,17:00
10004,10/19/2022,8:00,17:00
10004,10/20/2022,8:00,17:00
10004,10/21/2022,8:00,17:00
10004,10/24/2022,8:00,17:00
10004,10/25/2022,8:00,17:00
10004,10/26/2022,8:00,17:00
10004,10/27/2022,8:00,17:00
10004,10/28/2022,8:00,17:00
10004,10/31/2022,8:00,17:00
10004,11/10/2022,8:00,17:00
10004,11/11/2022,8:00,17:00
10004,11/14/2022,8:00,17:00
10004,11/15/2022,8:00,17:00
10004,11/16/2022,8:00,17:00
10004,11/17/2022,8:00,17:00
10004,11/18/2022,8:00,17:00
10004,11/21/2022,8:00,17:00
10004,11/22/2022,8:00,17:00
10004,11/23/2022,8:00,17:00
10004,11/24/2022,8:00,17:00
10004,11/25/2022,8:00,17:00
10004,11/28/2022,8:00,17:00
10004,11/29/2022,8:00,17:00
10004,11/30/2022,0:00,0:00
10004,12/9/2022,8:00,17:00
10004,12/10/2022,8:00,17:00
10004,12/12/2022,8:00,17:00
10004,12/13/2022,8:00,17:00
10004,12/14/2022,8:00,17:00
10004,12/15/2022,0:00,0:00
10004,12/16/2022,0:00,0:00
10004,12/19/2022,0:00,0:00
10004,12/20/2022,0:00,0:00
10004,12/21/2022,0:00,0:00
10004,12/22/2022,0:00,0:00
10004,12/23/2022,0:00,0:00
10004,12/26/2022,0:00,0:00
10004,12/27/2022,0:00,0:00
10004,12/28/2022,0:00,0:00
10004,12/29/2022,0:00,0:00
10004,12/30/2022,0:00,0:00
10005,1/9/2022,8:00,17:00
10005,1/11/2022,0:00,0:00
10005,1/12/2022,8:15,17:00
10005,2/9/2022,8:00,17:00
10005,2/11/2022,8:15,17:00
10005,2/12/2022,8:00,17:00
10005,3/10/2022,8:00,17:00
10005,3/11/2022,8:00,17:00
10005,4/10/2022,8:15,17:00
10005,4/11/2022,8:00,17:00
10005,5/9/2022,8:15,17:00
10005,5/10/2022,8:00,17:00
10005,5/12/2022,8:00,17:00
10005,6/9/2022,8:00,17:00
10005,6/10/2022,8:00,17:00
10005,6/12/2022,8:00,17:00
10005,7/9/2022,8:00,17:00
10005,7/10/2022,8:00,17:00
10005,7/11/2022,8:00,17:00
10005,7/12/2022,8:00,17:00
10005,8/9/2022,8:00,17:00
10005,8/11/2022,8:00,17:00
10005,8/12/2022,0:00,0:00
10005,9/9/2022,8:00,17:00
10005,9/11/2022,8:00,17:00
10005,9/12/2022,8:00,17:00
10005,9/13/2022,8:00,17:00
10005,9/14/2022,8:15,17:00
10005,9/15/2022,8:00,17:00
10005,9/16/2022,8:00,17:00
10005,9/19/2022,8:00,17:00
10005,9/20/2022,8:00,17:00
10005,9/21/2022,8:00,17:00
10005,9/22/2022,8:00,17:00
10005,9/23/2022,8:15,17:00
10005,9/26/2022,8:00,17:00
10005,9/27/2022,8:00,17:00
10005,9/28/2022,8:00,17:00
10005,9/29/2022,8:00,17:00
10005,9/30/2022,8:00,17:00
10005,10/10/2022,8:00,17:00
10005,10/11/2022,8:00,17:00
10005,10/13/2022,8:15,17:00
10005,10/14/2022,8:00,17:00
10005,10/17/2022,8:00,17:00
10005,10/18/2022,8:00,17:00
10005,10/19/2022,8:00,17:00
10005,10/20/2022,8:00,17:00
10005,10/21/2022,8:00,17:00
10005,10/24/2022,8:15,17:00
10005,10/25/2022,8:00,17:00
10005,10/26/2022,8:00,17:00
10005,10/27/2022,8:00,17:00
10005,10/28/2022,8:00,17:00
10005,10/31/2022,8:00,17:00
10005,11/10/2022,8:00,17:00
10005,11/11/2022,8:15,17:00
10005,11/14/2022,8:00,17:00
10005,11/15/2022,8:00,17:00
10005,11/16/2022,8:00,17:00
10005,11/17/2022,8:00,17:00
10005,11/18/2022,8:00,17:00
10005,11/21/2022,8:00,17:00
10005,11/22/2022,8:15,17:00
10005,11/23/2022,8:00,17:00
10005,11/24/2022,8:00,17:00
10005,11/25/2022,8:00,17:00
10005,11/28/2022,8:00,17:00
10005,11/29/2022,8:00,17:00
10005,11/30/2022,0:00,0:00
10005,12/9/2022,8:00,17:00
10005,12/10/2022,8:00,17:00
10005,12/12/2022,8:15,17:00
10005,12/13/2022,8:00,17:00
10005,12/14/2022,8:00,17:00
10005,12/15/2022,0:00,0:00
10005,12/16/2022,0:00,0:00
10005,12/19/2022,0:00,0:00
10005,12/20/2022,0:00,0:00
10005,12/21/2022,0:00,0:00
10005,12/22/2022,0:00,0:00
10005,12/23/2022,0:00,0:00
10005,12/26/2022,0:00,0:00
10005,12/27/2022,0:00,0:00
10005,12/28/2022,0:00,0:00
10005,12/29/2022,0:00,0:00
10005,12/30/2022,0:00,0:00
10006,1/9/2022,8:00,17:00
10006,1/11/2022,0:00,0:00
10006,1/12/2022,8:00,17:00
10006,2/9/2022,8:00,17:00
10006,2/11/2022,8:00,17:00
10006,2/12/2022,8:00,17:00
10006,3/10/2022,8:00,17:00
10006,3/11/2022,8:00,17:00
10006,4/10/2022,8:00,17:00
10006,4/11/2022,8:00,17:00
10006,5/9/2022,8:00,17:00
10006,5/10/2022,8:00,17:00
10006,5/12/2022,8:00,17:00
10006,6/9/2022,8:00,17:00
10006,6/10/2022,8:00,17:00
10006,6/12/2022,8:00,17:00
10006,7/9/2022,8:00,17:00
10006,7/10/2022,8:00,17:00
10006,7/11/2022,8:00,17:00
10006,7/12/2022,8:00,17:00
10006,8/9/2022,8:00,17:00
10006,8/11/2022,8:00,17:00
10006,8/12/2022,0:00,0:00
10006,9/9/2022,8:00,17:00
10006,9/11/2022,8:00,17:00
10006,9/12/2022,8:00,17:00
10006,9/13/2022,8:00,17:00
10006,9/14/2022,8:00,17:00
10006,9/15/2022,8:00,17:00
10006,9/16/2022,8:00,17:00
10006,9/19/2022,8:00,17:00
10006,9/20/2022,8:00,17:00
10006,9/21/2022,8:00,17:00
10006,9/22/2022,8:00,17:00
10006,9/23/2022,8:00,17:00
10006,9/26/2022,8:00,17:00
10006,9/27/2022,8:00,17:00
10006,9/28/2022,8:00,17:00
10006,9/29/2022,8:00,17:00
10006,9/30/2022,8:00,17:00
10006,10/10/2022,8:00,17:00
10006,10/11/2022,8:00,17:00
10006,10/13/2022,8:00,17:00
10006,10/14/2022,8:00,17:00
10006,10/17/2022,8:00,17:00
10006,10/18/2022,8:00,17:00
10006,10/19/2022,8:00,17:00
10006,10/20/2022,8:00,17:00
10006,10/21/2022,8:00,17:00
10006,10/24/2022,8:00,17:00
10006,10/25/2022,8:00,17:00
10006,10/26/2022,8:00,17:00
10006,10/27/2022,8:00,17:00
10006,10/28/2022,8:00,17:00
10006,10/31/2022,8:00,17:00
10006,11/10/2022,8:00,17:00
10006,11/11/2022,8:00,17:00
10006,11/14/2022,8:00,17:00
10006,11/15/2022,8:00,17:00
10006,11/16/2022,8:00,17:00
10006,11/17/2022,8:00,17:00
10006,11/18/2022,8:00,17:00
10006,11/21/2022,8:00,17:00
10006,11/22/2022,8:00,17:00
10006,11/23/2022,8:00,17:00
10006,11/24/2022,8:00,17:00
10006,11/25/2022,8:00,17:00
10006,11/28/2022,8:00,17:00
10006,11/29/2022,8:00,17:00
10006,11/30/2022,0:00,0:00
10006,12/9/2022,8:00,17:00
10006,12/10/2022,8:00,17:00
10006,12/12/2022,8:00,17:00
10006,12/13/2022,8:00,17:00
10006,12/14/2022,8:00,17:00
10006,12/15/2022,0:00,0:00
10006,12/16/2022,0:00,0:00
10006,12/19/2022,0:00,0:00
10006,12/20/2022,0:00,0:00
10006,12/21/2022,0:00,0:00
10006,12/22/2022,0:00,0:00
10006,12/23/2022,0:00,0:00
10006,12/26/2022,0:00,0:00
10006,12/27/2022,0:00,0:00
10006,12/28/2022,0:00,0:00
10006,12/29/2022,0:00,0:00
10006,12/30/2022,0:00,0:00
10007,1/9/2022,8:27,17:00
10007,1/11/2022,0:00,0:00
10007,1/12/2022,8:00,17:00
10007,2/9/2022,8:00,17:00
10007,2/11/2022,8:00,17:00
10007,2/12/2022,8:00,17:00
10007,3/10/2022,8:00,17:00
10007,3/11/2022,8:00,17:00
10007,4/10/2022,8:00,17:00
10007,4/11/2022,8:00,17:00
10007,5/9/2022,8:00,17:00
10007,5/10/2022,8:00,17:00
10007,5/12/2022,8:00,17:00
10007,6/9/2022,8:00,17:00
10007,6/10/2022,8:00,17:00
10007,6/12/2022,8:00,17:00
10007,7/9/2022,8:00,17:00
10007,7/10/2022,8:00,17:00
10007,7/11/2022,8:00,17:00
10007,7/12/2022,8:00,17:00
10007,8/9/2022,8:00,17:00
10007,8/11/2022,8:00,17:00
10007,8/12/2022,0:00,0:00
10007,9/9/2022,8:00,17:00
10007,9/11/2022,8:27,17:00
10007,9/12/2022,8:00,17:00
10007,9/13/2022,8:00,17:00
10007,9/14/2022,8:00,17:00
10007,9/15/2022,8:00,17:00
10007,9/16/2022,8:00,17:00
10007,9/19/2022,8:00,17:00
10007,9/20/2022,8:00,17:00
10007,9/21/2022,8:27,17:00
10007,9/22/2022,8:00,17:00
10007,9/23/2022,8:00,17:00
10007,9/26/2022,8:00,17:00
10007,9/27/2022,8:00,17:00
10007,9/28/2022,8:00,17:00
10007,9/29/2022,8:00,17:00
10007,9/30/2022,8:27,17:00
10007,10/10/2022,8:00,17:00
10007,10/11/2022,8:00,17:00
10007,10/13/2022,8:00,17:00
10007,10/14/2022,8:00,17:00
10007,10/17/2022,8:00,17:00
10007,10/18/2022,8:00,17:00
10007,10/19/2022,8:00,17:00
10007,10/20/2022,8:27,17:00
10007,10/21/2022,8:00,17:00
10007,10/24/2022,8:00,17:00
10007,10/25/2022,8:00,17:00
10007,10/26/2022,8:00,17:00
10007,10/27/2022,8:00,17:00
10007,10/28/2022,8:00,17:00
10007,10/31/2022,8:27,17:00
10007,11/10/2022,8:27,17:00
10007,11/11/2022,8:00,17:00
10007,11/14/2022,8:00,17:00
10007,11/15/2022,8:00,17:00
10007,11/16/2022,8:00,17:00
10007,11/17/2022,8:00,17:00
10007,11/18/2022,8:27,17:00
10007,11/21/2022,8:00,17:00
10007,11/22/2022,8:00,17:00
10007,11/23/2022,8:00,17:00
10007,11/24/2022,8:00,17:00
10007,11/25/2022,8:00,17:00
10007,11/28/2022,8:00,17:00
10007,11/29/2022,8:27,17:00
10007,11/30/2022,0:00,0:00
10007,12/9/2022,8:27,17:00
10007,12/10/2022,8:00,17:00
10007,12/12/2022,8:00,17:00
10007,12/13/2022,8:00,17:00
10007,12/14/2022,8:00,17:00
10007,12/15/2022,8:00,17:00
10007,12/16/2022,8:00,17:00
10007,12/19/2022,8:27,17:00
10007,12/20/2022,8:00,17:00
10007,12/21/2022,8:00,17:00
10007,12/22/2022,8:00,17:00
10007,12/23/2022,8:00,17:00
10007,12/26/2022,8:00,17:00
10007,12/27/2022,8:00,17:00
10007,12/28/2022,8:27,17:00
10007,12/29/2022,8:00,17:00
10007,12/30/2022,0:00,0:00
10008,1/9/2022,8:01,17:00
10008,1/11/2022,0:00,0:00
10008,1/12/2022,8:00,17:00
10008,2/9/2022,8:00,17:00
10008,2/11/2022,8:00,17:00
10008,2/12/2022,8:10,17:00
10008,3/10/2022,8:00,17:00
10008,3/11/2022,8:10,17:00
10008,4/10/2022,8:00,17:00
10008,4/11/2022,8:00,17:00
10008,5/9/2022,8:00,17:00
10008,5/10/2022,8:10,17:00
10008,5/12/2022,8:00,17:00
10008,6/9/2022,8:10,17:00
10008,6/10/2022,8:00,17:00
10008,6/12/2022,8:00,17:00
10008,7/9/2022,8:00,17:00
10008,7/10/2022,8:00,17:00
10008,7/11/2022,8:00,17:00
10008,7/12/2022,8:00,17:00
10008,8/9/2022,8:00,17:00
10008,8/11/2022,8:00,17:00
10008,8/12/2022,0:00,0:00
10008,9/9/2022,8:00,17:00
10008,9/11/2022,8:01,17:00
10008,9/12/2022,8:00,17:00
10008,9/13/2022,8:00,17:00
10008,9/14/2022,8:00,17:00
10008,9/15/2022,8:10,17:00
10008,9/16/2022,8:00,17:00
10008,9/19/2022,8:00,17:00
10008,9/20/2022,8:00,17:00
10008,9/21/2022,8:01,17:00
10008,9/22/2022,8:00,17:00
10008,9/23/2022,8:00,17:00
10008,9/26/2022,8:10,17:00
10008,9/27/2022,8:00,17:00
10008,9/28/2022,8:00,17:00
10008,9/29/2022,8:00,17:00
10008,9/30/2022,8:01,17:00
10008,10/10/2022,8:00,17:00
10008,10/11/2022,8:00,17:00
10008,10/13/2022,8:00,17:00
10008,10/14/2022,8:10,17:00
10008,10/17/2022,8:00,17:00
10008,10/18/2022,8:00,17:00
10008,10/19/2022,8:00,17:00
10008,10/20/2022,8:01,17:00
10008,10/21/2022,8:00,17:00
10008,10/24/2022,8:00,17:00
10008,10/25/2022,8:10,17:00
10008,10/26/2022,8:00,17:00
10008,10/27/2022,8:00,17:00
10008,10/28/2022,8:00,17:00
10008,10/31/2022,8:01,17:00
10008,11/10/2022,8:01,17:00
10008,11/11/2022,8:00,17:00
10008,11/14/2022,8:10,17:00
10008,11/15/2022,8:00,17:00
10008,11/16/2022,8:00,17:00
10008,11/17/2022,8:00,17:00
10008,11/18/2022,8:01,17:00
10008,11/21/2022,8:00,17:00
10008,11/22/2022,8:00,17:00
10008,11/23/2022,8:10,17:00
10008,11/24/2022,8:00,17:00
10008,11/25/2022,8:00,17:00
10008,11/28/2022,8:00,17:00
10008,11/29/2022,8:01,17:00
10008,11/30/2022,0:00,0:00
10008,12/9/2022,8:01,17:00
10008,12/10/2022,8:00,17:00
10008,12/12/2022,8:00,17:00
10008,12/13/2022,8:10,17:00
10008,12/14/2022,8:00,17:00
10008,12/15/2022,8:00,17:00
10008,12/16/2022,8:00,17:00
10008,12/19/2022,8:01,17:00
10008,12/20/2022,8:00,17:00
10008,12/21/2022,8:00,17:00
10008,12/22/2022,8:10,17:00
10008,12/23/2022,8:00,17:00
10008,12/26/2022,8:00,17:00
10008,12/27/2022,8:00,17:00
10008,12/28/2022,8:01,17:00
10008,12/29/2022,8:00,17:00
10008,12/30/2022,0:00,0:00
10009,1/9/2022,8:05,17:00
10009,1/11/2022,0:00,0:00
10009,1/12/2022,8:00,17:00
10009,2/9/2022,8:00,17:00
10009,2/11/2022,8:00,17:00
10009,2/12/2022,8:00,17:00
10009,3/10/2022,8:00,17:00
10009,3/11/2022,8:00,17:00
10009,4/10/2022,8:00,17:00
10009,4/11/2022,8:00,17:00
10009,5/9/2022,8:00,17:00
10009,5/10/2022,0:00,0:00
10009,5/12/2022,8:00,17:00
10009,6/9/2022,0:00,0:00
10009,6/10/2022,8:00,17:00
10009,6/12/2022,8:00,17:00
10009,7/9/2022,0:00,0:00
10009,7/10/2022,8:00,17:00
10009,7/11/2022,8:00,17:00
10009,7/12/2022,8:00,17:00
10009,8/9/2022,0:00,0:00
10009,8/11/2022,8:00,17:00
10009,8/12/2022,0:00,0:00
10009,9/9/2022,0:00,0:00
10009,9/11/2022,8:05,17:00
10009,9/12/2022,8:00,17:00
10009,9/13/2022,8:00,17:00
10009,9/14/2022,8:00,17:00
10009,9/15/2022,8:00,17:00
10009,9/16/2022,8:00,17:00
10009,9/19/2022,8:00,17:00
10009,9/20/2022,8:00,17:00
10009,9/21/2022,8:05,17:00
10009,9/22/2022,8:00,17:00
10009,9/23/2022,8:00,17:00
10009,9/26/2022,8:00,17:00
10009,9/27/2022,8:00,17:00
10009,9/28/2022,8:00,17:00
10009,9/29/2022,8:00,17:00
10009,9/30/2022,8:05,17:00
10009,10/10/2022,8:00,17:00
10009,10/11/2022,8:00,17:00
10009,10/13/2022,8:00,17:00
10009,10/14/2022,8:00,17:00
10009,10/17/2022,8:00,17:00
10009,10/18/2022,8:00,17:00
10009,10/19/2022,8:00,17:00
10009,10/20/2022,8:05,17:00
10009,10/21/2022,8:00,17:00
10009,10/24/2022,8:00,17:00
10009,10/25/2022,8:00,17:00
10009,10/26/2022,8:00,17:00
10009,10/27/2022,8:00,17:00
10009,10/28/2022,8:00,17:00
10009,10/31/2022,8:05,17:00
10009,11/10/2022,8:05,17:00
10009,11/11/2022,8:00,17:00
10009,11/14/2022,8:00,17:00
10009,11/15/2022,8:00,17:00
10009,11/16/2022,8:00,17:00
10009,11/17/2022,8:00,17:00
10009,11/18/2022,8:05,17:00
10009,11/21/2022,8:00,17:00
10009,11/22/2022,8:00,17:00
10009,11/23/2022,8:00,17:00
10009,11/24/2022,8:00,17:00
10009,11/25/2022,8:00,17:00
10009,11/28/2022,8:00,17:00
10009,11/29/2022,8:05,17:00
10009,11/30/2022,0:00,0:00
10009,12/9/2022,0:00,0:00
10009,12/10/2022,8:00,17:00
10009,12/12/2022,8:00,17:00
10009,12/13/2022,8:00,17:00
10009,12/14/2022,8:00,17:00
10009,12/15/2022,8:00,17:00
10009,12/16/2022,8:00,17:00
10009,12/19/2022,8:05,17:00
10009,12/20/2022,8:00,17:00
10009,12/21/2022,8:00,17:00
10009,12/22/2022,8:00,17:00
10009,12/23/2022,8:00,17:00
10009,12/26/2022,8:00,17:00
10009,12/27/2022,8:00,17:00
10009,12/28/2022,8:05,17:00
10009,12/29/2022,8:00,17:00
10009,12/30/2022,0:00,0:00
10010,1/9/2022,8:00,17:00
10010,1/11/2022,0:00,0:00
10010,1/12/2022,8:00,17:00
10010,2/9/2022,8:00,17:00
10010,2/11/2022,8:00,17:00
10010,2/12/2022,8:00,17:00
10010,3/10/2022,8:00,17:00
10010,3/11/2022,8:00,17:00
10010,4/10/2022,8:00,17:00
10010,4/11/2022,8:00,17:00
10010,5/9/2022,8:00,17:00
10010,5/10/2022,8:00,17:00
10010,5/12/2022,8:00,17:00
10010,6/9/2022,8:00,17:00
10010,6/10/2022,8:00,17:00
10010,6/12/2022,8:00,17:00
10010,7/9/2022,8:00,17:00
10010,7/10/2022,8:00,17:00
10010,7/11/2022,8:00,17:00
10010,7/12/2022,8:00,17:00
10010,8/9/2022,8:00,17:00
10010,8/11/2022,8:00,17:00
10010,8/12/2022,0:00,0:00
10010,9/9/2022,8:00,17:00
10010,9/11/2022,8:00,17:00
10010,9/12/2022,8:00,17:00
10010,9/13/2022,8:00,17:00
10010,9/14/2022,8:00,17:00
10010,9/15/2022,8:00,17:00
10010,9/16/2022,8:00,17:00
10010,9/19/2022,8:00,17:00
10010,9/20/2022,8:00,17:00
10010,9/21/2022,8:00,17:00
10010,9/22/2022,8:00,17:00
10010,9/23/2022,8:00,17:00
10010,9/26/2022,8:00,17:00
10010,9/27/2022,8:00,17:00
10010,9/28/2022,8:00,17:00
10010,9/29/2022,8:00,17:00
10010,9/30/2022,8:00,17:00
10010,10/10/2022,8:00,17:00
10010,10/11/2022,8:00,17:00
10010,10/13/2022,8:00,17:00
10010,10/14/2022,8:00,17:00
10010,10/17/2022,8:00,17:00
10010,10/18/2022,8:00,17:00
10010,10/19/2022,8:00,17:00
10010,10/20/2022,8:00,17:00
10010,10/21/2022,0:00,0:00
10010,10/24/2022,8:00,17:00
10010,10/25/2022,8:00,17:00
10010,10/26/2022,8:00,17:00
10010,10/27/2022,8:00,17:00
10010,10/28/2022,8:00,17:00
10010,10/31/2022,8:00,17:00
10010,11/10/2022,0:00,0:00
10010,11/11/2022,8:00,17:00
10010,11/14/2022,8:00,17:00
10010,11/15/2022,8:00,17:00
10010,11/16/2022,8:00,17:00
10010,11/17/2022,8:00,17:00
10010,11/18/2022,8:00,17:00
10010,11/21/2022,8:00,17:00
10010,11/22/2022,8:00,17:00
10010,11/23/2022,8:00,17:00
10010,11/24/2022,8:00,17:00
10010,11/25/2022,8:00,17:00
10010,11/28/2022,8:00,17:00
10010,11/29/2022,8:00,17:00
10010,11/30/2022,0:00,0:00
10010,12/9/2022,8:00,17:00
10010,12/10/2022,8:00,17:00
10010,12/12/2022,8:00,17:00
10010,12/13/2022,8:00,17:00
10010,12/14/2022,8:00,17:00
10010,12/15/2022,8:00,17:00
10010,12/16/2022,8:00,17:00
10010,12/19/2022,8:00,17:00
10010,12/20/2022,8:00,17:00
10010,12/21/2022,8:00,17:00
10010,12/22/2022,8:00,17:00
10010,12/23/2022,8:00,17:00
10010,12/26/2022,8:00,17:00
10010,12/27/2022,8:00,17:00
10010,12/28/2022,8:00,17:00
10010,12/29/2022,8:00,17:00
10010,12/30/2022,0:00,0:00
10011,1/9/2022,8:00,17:00
10011,1/11/2022,0:00,0:00
10011,1/12/2022,10:30,17:00
10011,2/9/2022,8:00,17:00
10011,2/11/2022,10:30,17:00
10011,2/12/2022,8:00,17:00
10011,3/10/2022,8:00,17:00
10011,3/11/2022,8:00,17:00
10011,4/10/2022,10:30,17:00
10011,4/11/2022,8:00,17:00
10011,5/9/2022,10:30,17:00
10011,5/10/2022,8:00,17:00
10011,5/12/2022,8:00,17:00
10011,6/9/2022,8:00,17:00
10011,6/10/2022,8:00,17:00
10011,6/12/2022,8:00,17:00
10011,7/9/2022,8:00,17:00
10011,7/10/2022,8:00,17:00
10011,7/11/2022,8:00,17:00
10011,7/12/2022,8:00,17:00
10011,8/9/2022,8:00,17:00
10011,8/11/2022,8:00,17:00
10011,8/12/2022,0:00,0:00
10011,9/9/2022,8:00,17:00
10011,9/11/2022,8:00,17:00
10011,9/12/2022,8:00,17:00
10011,9/13/2022,8:00,17:00
10011,9/14/2022,10:30,17:00
10011,9/15/2022,8:00,17:00
10011,9/16/2022,8:00,17:00
10011,9/19/2022,8:00,17:00
10011,9/20/2022,8:00,17:00
10011,9/21/2022,8:00,17:00
10011,9/22/2022,8:00,17:00
10011,9/23/2022,10:30,17:00
10011,9/26/2022,8:00,17:00
10011,9/27/2022,8:00,17:00
10011,9/28/2022,8:00,17:00
10011,9/29/2022,8:00,17:00
10011,9/30/2022,8:00,17:00
10011,10/10/2022,8:00,17:00
10011,10/11/2022,8:00,17:00
10011,10/13/2022,10:30,17:00
10011,10/14/2022,8:00,17:00
10011,10/17/2022,8:00,17:00
10011,10/18/2022,8:00,17:00
10011,10/19/2022,8:00,17:00
10011,10/20/2022,8:00,17:00
10011,10/21/2022,8:00,17:00
10011,10/24/2022,10:30,17:00
10011,10/25/2022,8:00,17:00
10011,10/26/2022,8:00,17:00
10011,10/27/2022,8:00,17:00
10011,10/28/2022,8:00,17:00
10011,10/31/2022,8:00,17:00
10011,11/10/2022,8:00,17:00
10011,11/11/2022,10:30,17:00
10011,11/14/2022,8:00,17:00
10011,11/15/2022,8:00,17:00
10011,11/16/2022,8:00,17:00
10011,11/17/2022,8:00,17:00
10011,11/18/2022,8:00,17:00
10011,11/21/2022,8:00,17:00
10011,11/22/2022,10:30,17:00
10011,11/23/2022,8:00,17:00
10011,11/24/2022,8:00,17:00
10011,11/25/2022,8:00,17:00
10011,11/28/2022,8:00,17:00
10011,11/29/2022,8:00,17:00
10011,11/30/2022,0:00,0:00
10011,12/9/2022,8:00,17:00
10011,12/10/2022,8:00,17:00
10011,12/12/2022,10:30,17:00
10011,12/13/2022,8:00,17:00
10011,12/14/2022,8:00,17:00
10011,12/15/2022,8:00,17:00
10011,12/16/2022,8:00,17:00
10011,12/19/2022,8:00,17:00
10011,12/20/2022,8:00,17:00
10011,12/21/2022,10:30,17:00
10011,12/22/2022,8:00,17:00
10011,12/23/2022,8:00,17:00
10011,12/26/2022,8:00,17:00
10011,12/27/2022,8:00,17:00
10011,12/28/2022,8:00,17:00
10011,12/29/2022,8:00,17:00
10011,12/30/2022,0:00,0:00
10012,1/9/2022,8:00,17:00
10012,1/11/2022,0:00,0:00
10012,1/12/2022,8:00,17:00
10012,2/9/2022,8:00,17:00
10012,2/11/2022,8:00,17:00
10012,2/12/2022,8:00,17:00
10012,3/10/2022,8:00,17:00
10012,3/11/2022,8:00,17:00
10012,4/10/2022,8:00,17:00
10012,4/11/2022,8:00,17:00
10012,5/9/2022,8:00,17:00
10012,5/10/2022,8:00,17:00
10012,5/12/2022,8:00,17:00
10012,6/9/2022,8:00,17:00
10012,6/10/2022,8:00,17:00
10012,6/12/2022,8:00,17:00
10012,7/9/2022,8:00,17:00
10012,7/10/2022,8:00,17:00
10012,7/11/2022,8:00,17:00
10012,7/12/2022,8:00,17:00
10012,8/9/2022,8:00,17:00
10012,8/11/2022,8:00,17:00
10012,8/12/2022,0:00,0:00
10012,9/9/2022,8:00,17:00
10012,9/11/2022,8:00,17:00
10012,9/12/2022,8:00,17:00
10012,9/13/2022,8:00,17:00
10012,9/14/2022,8:00,17:00
10012,9/15/2022,8:00,17:00
10012,9/16/2022,8:00,17:00
10012,9/19/2022,8:00,17:00
10012,9/20/2022,8:00,17:00
10012,9/21/2022,8:00,17:00
10012,9/22/2022,8:00,17:00
10012,9/23/2022,8:00,17:00
10012,9/26/2022,8:00,17:00
10012,9/27/2022,8:00,17:00
10012,9/28/2022,8:00,17:00
10012,9/29/2022,8:00,17:00
10012,9/30/2022,8:00,17:00
10012,10/10/2022,8:00,17:00
10012,10/11/2022,8:00,17:00
10012,10/13/2022,8:00,17:00
10012,10/14/2022,8:00,17:00
10012,10/17/2022,8:00,17:00
10012,10/18/2022,8:00,17:00
10012,10/19/2022,8:00,17:00
10012,10/20/2022,8:00,17:00
10012,10/21/2022,8:00,17:00
10012,10/24/2022,8:00,17:00
10012,10/25/2022,8:00,17:00
10012,10/26/2022,8:00,17:00
10012,10/27/2022,8:00,17:00
10012,10/28/2022,8:00,17:00
10012,10/31/2022,8:00,17:00
10012,11/10/2022,8:00,17:00
10012,11/11/2022,8:00,17:00
10012,11/14/2022,8:00,17:00
10012,11/15/2022,8:00,17:00
10012,11/16/2022,8:00,17:00
10012,11/17/2022,8:00,17:00
10012,11/18/2022,8:00,17:00
10012,11/21/2022,8:00,17:00
10012,11/22/2022,8:00,17:00
10012,11/23/2022,8:00,17:00
10012,11/24/2022,8:00,17:00
10012,11/25/2022,8:00,17:00
10012,11/28/2022,8:00,17:00
10012,11/29/2022,8:00,17:00
10012,11/30/2022,0:00,0:00
10012,12/9/2022,8:00,17:00
10012,12/10/2022,8:00,17:00
10012,12/12/2022,8:00,17:00
10012,12/13/2022,8:00,17:00
10012,12/14/2022,8:00,17:00
10012,12/15/2022,8:00,17:00
10012,12/16/2022,8:00,17:00
10012,12/19/2022,8:00,17:00
10012,12/20/2022,8:00,17:00
10012,12/21/2022,8:00,17:00
10012,12/22/2022,8:00,17:00
10012,12/23/2022,8:00,17:00
10012,12/26/2022,8:00,17:00
10012,12/27/2022,8:00,17:00
10012,12/28/2022,8:00,17:00
10012,12/29/2022,8:00,17:00
10012,12/30/2022,0:00,0:00
10013,1/9/2022,8:00,17:00
10013,1/11/2022,0:00,0:00
10013,1/12/2022,8:00,17:00
10013,2/9/2022,8:00,17:00
10013,2/11/2022,8:00,17:00
10013,2/12/2022,8:00,17:00
10013,3/10/2022,8:00,17:00
10013,3/11/2022,8:00,17:00
10013,4/10/2022,8:00,17:00
10013,4/11/2022,8:00,17:00
10013,5/9/2022,8:00,17:00
10013,5/10/2022,8:00,17:00
10013,5/12/2022,8:00,17:00
10013,6/9/2022,8:00,17:00
10013,6/10/2022,8:00,17:00
10013,6/12/2022,10:00,17:00
10013,7/9/2022,8:00,17:00
10013,7/10/2022,10:00,17:00
10013,7/11/2022,10:00,17:00
10013,7/12/2022,8:00,17:00
10013,8/9/2022,10:00,17:00
10013,8/11/2022,8:00,17:00
10013,8/12/2022,0:00,0:00
10013,9/9/2022,8:00,17:00
10013,9/11/2022,8:00,17:00
10013,9/12/2022,8:00,17:00
10013,9/13/2022,8:00,17:00
10013,9/14/2022,8:00,17:00
10013,9/15/2022,8:00,17:00
10013,9/16/2022,8:00,17:00
10013,9/19/2022,10:00,17:00
10013,9/20/2022,8:00,17:00
10013,9/21/2022,8:00,17:00
10013,9/22/2022,8:00,17:00
10013,9/23/2022,8:00,17:00
10013,9/26/2022,8:00,17:00
10013,9/27/2022,8:00,17:00
10013,9/28/2022,10:00,17:00
10013,9/29/2022,8:00,17:00
10013,9/30/2022,8:00,17:00
10013,10/10/2022,8:00,17:00
10013,10/11/2022,8:00,17:00
10013,10/13/2022,8:00,17:00
10013,10/14/2022,8:00,17:00
10013,10/17/2022,8:00,17:00
10013,10/18/2022,10:00,17:00
10013,10/19/2022,8:00,17:00
10013,10/20/2022,8:00,17:00
10013,10/21/2022,8:00,17:00
10013,10/24/2022,8:00,17:00
10013,10/25/2022,8:00,17:00
10013,10/26/2022,8:00,17:00
10013,10/27/2022,10:00,17:00
10013,10/28/2022,8:00,17:00
10013,10/31/2022,8:00,17:00
10013,11/10/2022,8:00,17:00
10013,11/11/2022,8:00,17:00
10013,11/14/2022,8:00,17:00
10013,11/15/2022,8:00,17:00
10013,11/16/2022,10:00,17:00
10013,11/17/2022,8:00,17:00
10013,11/18/2022,8:00,17:00
10013,11/21/2022,8:00,17:00
10013,11/22/2022,8:00,17:00
10013,11/23/2022,8:00,17:00
10013,11/24/2022,8:00,17:00
10013,11/25/2022,10:00,17:00
10013,11/28/2022,8:00,17:00
10013,11/29/2022,8:00,17:00
10013,11/30/2022,0:00,0:00
10013,12/9/2022,8:00,17:00
10013,12/10/2022,8:00,17:00
10013,12/12/2022,8:00,17:00
10013,12/13/2022,8:00,17:00
10013,12/14/2022,8:00,17:00
10013,12/15/2022,10:00,17:00
10013,12/16/2022,8:00,17:00
10013,12/19/2022,8:00,17:00
10013,12/20/2022,8:00,17:00
10013,12/21/2022,8:00,17:00
10013,12/22/2022,8:00,17:00
10013,12/23/2022,8:00,17:00
10013,12/26/2022,10:00,17:00
10013,12/27/2022,8:00,17:00
10013,12/28/2022,8:00,17:00
10013,12/29/2022,8:00,17:00
10013,12/30/2022,0:00,0:00
10014,1/9/2022,8:00,17:00
10014,1/11/2022,0:00,0:00
10014,1/12/2022,8:00,17:00
10014,2/9/2022,8:00,17:00
10014,2/11/2022,8:00,17:00
10014,2/12/2022,8:00,17:00
10014,3/10/2022,8:00,17:00
10014,3/11/2022,8:00,17:00
10014,4/10/2022,8:00,17:00
10014,4/11/2022,8:00,17:00
10014,5/9/2022,8:00,17:00
10014,5/10/2022,8:00,17:00
10014,5/12/2022,8:00,17:00
10014,6/9/2022,8:00,17:00
10014,6/10/2022,8:00,17:00
10014,6/12/2022,10:00,17:00
10014,7/9/2022,8:00,17:00
10014,7/10/2022,0:00,0:00
10014,7/11/2022,10:00,17:00
10014,7/12/2022,8:00,17:00
10014,8/9/2022,10:00,17:00
10014,8/11/2022,8:00,17:00
10014,8/12/2022,0:00,0:00
10014,9/9/2022,8:00,17:00
10014,9/11/2022,8:00,17:00
10014,9/12/2022,8:00,17:00
10014,9/13/2022,8:00,17:00
10014,9/14/2022,8:00,17:00
10014,9/15/2022,8:00,17:00
10014,9/16/2022,8:00,17:00
10014,9/19/2022,10:00,17:00
10014,9/20/2022,8:00,17:00
10014,9/21/2022,8:00,17:00
10014,9/22/2022,8:00,17:00
10014,9/23/2022,8:00,17:00
10014,9/26/2022,8:00,17:00
10014,9/27/2022,8:00,17:00
10014,9/28/2022,10:00,17:00
10014,9/29/2022,8:00,17:00
10014,9/30/2022,8:00,17:00
10014,10/10/2022,8:00,17:00
10014,10/11/2022,8:00,17:00
10014,10/13/2022,8:00,17:00
10014,10/14/2022,8:00,17:00
10014,10/17/2022,8:00,17:00
10014,10/18/2022,10:00,17:00
10014,10/19/2022,8:00,17:00
10014,10/20/2022,8:00,17:00
10014,10/21/2022,8:00,17:00
10014,10/24/2022,8:00,17:00
10014,10/25/2022,8:00,17:00
10014,10/26/2022,8:00,17:00
10014,10/27/2022,10:00,17:00
10014,10/28/2022,8:00,17:00
10014,10/31/2022,8:00,17:00
10014,11/10/2022,8:00,17:00
10014,11/11/2022,8:00,17:00
10014,11/14/2022,8:00,17:00
10014,11/15/2022,8:00,17:00
10014,11/16/2022,10:00,17:00
10014,11/17/2022,8:00,17:00
10014,11/18/2022,8:00,17:00
10014,11/21/2022,8:00,17:00
10014,11/22/2022,8:00,17:00
10014,11/23/2022,8:00,17:00
10014,11/24/2022,8:00,17:00
10014,11/25/2022,10:00,17:00
10014,11/28/2022,8:00,17:00
10014,11/29/2022,8:00,17:00
10014,11/30/2022,0:00,0:00
10014,12/9/2022,8:00,17:00
10014,12/10/2022,8:00,17:00
10014,12/12/2022,8:00,17:00
10014,12/13/2022,8:00,17:00
10014,12/14/2022,8:00,17:00
10014,12/15/2022,10:00,17:00
10014,12/16/2022,8:00,17:00
10014,12/19/2022,8:00,17:00
10014,12/20/2022,8:00,17:00
10014,12/21/2022,8:00,17:00
10014,12/22/2022,8:00,17:00
10014,12/23/2022,8:00,17:00
10014,12/26/2022,10:00,17:00
10014,12/27/2022,8:00,17:00
10014,12/28/2022,8:00,17:00
10014,12/29/2022,8:00,17:00
10014,12/30/2022,0:00,0:00
10015,1/9/2022,8:00,17:00
10015,1/11/2022,0:00,0:00
10015,1/12/2022,8:00,17:00
10015,2/9/2022,8:00,17:00
10015,2/11/2022,8:00,17:00
10015,2/12/2022,8:00,17:00
10015,3/10/2022,8:00,17:00
10015,3/11/2022,8:00,17:00
10015,4/10/2022,8:00,17:00
10015,4/11/2022,8:00,17:00
10015,5/9/2022,8:00,17:00
10015,5/10/2022,8:00,17:00
10015,5/12/2022,8:00,17:00
10015,6/9/2022,8:00,17:00
10015,6/10/2022,8:00,17:00
10015,6/12/2022,10:00,17:00
10015,7/9/2022,8:00,17:00
10015,7/10/2022,10:00,17:00
10015,7/11/2022,10:00,17:00
10015,7/12/2022,8:00,17:00
10015,8/9/2022,10:00,17:00
10015,8/11/2022,8:00,17:00
10015,8/12/2022,0:00,0:00
10015,9/9/2022,8:00,17:00
10015,9/11/2022,8:00,17:00
10015,9/12/2022,8:00,17:00
10015,9/13/2022,8:00,17:00
10015,9/14/2022,8:00,17:00
10015,9/15/2022,8:00,17:00
10015,9/16/2022,8:00,17:00
10015,9/19/2022,10:00,17:00
10015,9/20/2022,8:00,17:00
10015,9/21/2022,8:00,17:00
10015,9/22/2022,8:00,17:00
10015,9/23/2022,8:00,17:00
10015,9/26/2022,8:00,17:00
10015,9/27/2022,8:00,17:00
10015,9/28/2022,10:00,17:00
10015,9/29/2022,8:00,17:00
10015,9/30/2022,8:00,17:00
10015,10/10/2022,8:00,17:00
10015,10/11/2022,8:00,17:00
10015,10/13/2022,8:00,17:00
10015,10/14/2022,8:00,17:00
10015,10/17/2022,8:00,17:00
10015,10/18/2022,10:00,17:00
10015,10/19/2022,8:00,17:00
10015,10/20/2022,8:00,17:00
10015,10/21/2022,8:00,17:00
10015,10/24/2022,8:00,17:00
10015,10/25/2022,8:00,17:00
10015,10/26/2022,8:00,17:00
10015,10/27/2022,10:00,17:00
10015,10/28/2022,8:00,17:00
10015,10/31/2022,8:00,17:00
10015,11/10/2022,8:00,17:00
10015,11/11/2022,8:00,17:00
10015,11/14/2022,8:00,17:00
10015,11/15/2022,8:00,17:00
10015,11/16/2022,10:00,17:00
10015,11/17/2022,8:00,17:00
10015,11/18/2022,8:00,17:00
10015,11/21/2022,8:00,17:00
10015,11/22/2022,8:00,17:00
10015,11/23/2022,8:00,17:00
10015,11/24/2022,8:00,17:00
10015,11/25/2022,10:00,17:00
10015,11/28/2022,8:00,17:00
10015,11/29/2022,8:00,17:00
10015,11/30/2022,0:00,0:00
10015,12/9/2022,8:00,17:00
10015,12/10/2022,8:00,17:00
10015,12/12/2022,8:00,17:00
10015,12/13/2022,8:00,17:00
10015,12/14/2022,8:00,17:00
10015,12/15/2022,10:00,17:00
10015,12/16/2022,8:00,17:00
10015,12/19/2022,8:00,17:00
10015,12/20/2022,8:00,17:00
10015,12/21/2022,8:00,17:00
10015,12/22/2022,8:00,17:00
10015,12/23/2022,8:00,17:00
10015,12/26/2022,10:00,17:00
10015,12/27/2022,8:00,17:00
10015,12/28/2022,8:00,17:00
10015,12/29/2022,8:00,17:00
10015,12/30/2022,0:00,0:00
10016,1/9/2022,8:28,17:00
10016,1/11/2022,0:00,0:00
10016,1/12/2022,8:00,17:00
10016,2/9/2022,8:00,17:00
10016,2/11/2022,8:00,17:00
10016,2/12/2022,8:00,17:00
10016,3/10/2022,8:00,17:00
10016,3/11/2022,8:00,17:00
10016,4/10/2022,8:00,17:00
10016,4/11/2022,8:00,17:00
10016,5/9/2022,8:00,17:00
10016,5/10/2022,8:00,17:00
10016,5/12/2022,8:00,17:00
10016,6/9/2022,8:00,17:00
10016,6/10/2022,8:00,17:00
10016,6/12/2022,10:00,17:00
10016,7/9/2022,8:00,17:00
10016,7/10/2022,10:00,17:00
10016,7/11/2022,10:00,17:00
10016,7/12/2022,8:00,17:00
10016,8/9/2022,10:00,17:00
10016,8/11/2022,8:00,17:00
10016,8/12/2022,0:00,0:00
10016,9/9/2022,8:00,17:00
10016,9/11/2022,8:28,17:00
10016,9/12/2022,8:00,17:00
10016,9/13/2022,8:00,17:00
10016,9/14/2022,8:00,17:00
10016,9/15/2022,8:00,17:00
10016,9/16/2022,8:00,17:00
10016,9/19/2022,10:00,17:00
10016,9/20/2022,8:00,17:00
10016,9/21/2022,8:28,17:00
10016,9/22/2022,8:00,17:00
10016,9/23/2022,8:00,17:00
10016,9/26/2022,8:00,17:00
10016,9/27/2022,8:00,17:00
10016,9/28/2022,10:00,17:00
10016,9/29/2022,8:00,17:00
10016,9/30/2022,8:28,17:00
10016,10/10/2022,8:00,17:00
10016,10/11/2022,8:00,17:00
10016,10/13/2022,8:00,17:00
10016,10/14/2022,8:00,17:00
10016,10/17/2022,8:00,17:00
10016,10/18/2022,0:00,0:00
10016,10/19/2022,8:00,17:00
10016,10/20/2022,8:28,17:00
10016,10/21/2022,8:00,17:00
10016,10/24/2022,8:00,17:00
10016,10/25/2022,8:00,17:00
10016,10/26/2022,8:00,17:00
10016,10/27/2022,10:00,17:00
10016,10/28/2022,8:00,17:00
10016,10/31/2022,8:28,17:00
10016,11/10/2022,8:28,17:00
10016,11/11/2022,8:00,17:00
10016,11/14/2022,8:00,17:00
10016,11/15/2022,8:00,17:00
10016,11/16/2022,10:00,17:00
10016,11/17/2022,8:00,17:00
10016,11/18/2022,8:28,17:00
10016,11/21/2022,8:00,17:00
10016,11/22/2022,8:00,17:00
10016,11/23/2022,8:00,17:00
10016,11/24/2022,8:00,17:00
10016,11/25/2022,10:00,17:00
10016,11/28/2022,8:00,17:00
10016,11/29/2022,8:28,17:00
10016,11/30/2022,0:00,0:00
10016,12/9/2022,8:28,17:00
10016,12/10/2022,8:00,17:00
10016,12/12/2022,8:00,17:00
10016,12/13/2022,8:00,17:00
10016,12/14/2022,8:00,17:00
10016,12/15/2022,10:00,17:00
10016,12/16/2022,8:00,17:00
10016,12/19/2022,8:28,17:00
10016,12/20/2022,8:00,17:00
10016,12/21/2022,8:00,17:00
10016,12/22/2022,8:00,17:00
10016,12/23/2022,8:00,17:00
10016,12/26/2022,10:00,17:00
10016,12/27/2022,8:00,17:00
10016,12/28/2022,8:28,17:00
10016,12/29/2022,8:00,17:00
10016,12/30/2022,0:00,0:00
10017,1/9/2022,8:00,17:00
10017,1/11/2022,0:00,0:00
10017,1/12/2022,8:00,17:00
10017,2/9/2022,8:00,17:00
10017,2/11/2022,8:00,17:00
10017,2/12/2022,8:05,17:00
10017,3/10/2022,8:00,17:00
10017,3/11/2022,8:05,17:00
10017,4/10/2022,8:00,17:00
10017,4/11/2022,8:00,17:00
10017,5/9/2022,8:00,17:00
10017,5/10/2022,8:05,17:00
10017,5/12/2022,8:00,17:00
10017,6/9/2022,8:05,17:00
10017,6/10/2022,8:00,17:00
10017,6/12/2022,10:00,17:00
10017,7/9/2022,8:00,17:00
10017,7/10/2022,10:00,17:00
10017,7/11/2022,10:00,17:00
10017,7/12/2022,8:00,17:00
10017,8/9/2022,10:00,17:00
10017,8/11/2022,8:00,17:00
10017,8/12/2022,0:00,0:00
10017,9/9/2022,8:00,17:00
10017,9/11/2022,8:00,17:00
10017,9/12/2022,8:00,17:00
10017,9/13/2022,0:00,0:00
10017,9/14/2022,8:00,17:00
10017,9/15/2022,8:05,17:00
10017,9/16/2022,8:00,17:00
10017,9/19/2022,0:00,0:00
10017,9/20/2022,8:00,17:00
10017,9/21/2022,8:00,17:00
10017,9/22/2022,8:00,17:00
10017,9/23/2022,8:00,17:00
10017,9/26/2022,8:05,17:00
10017,9/27/2022,0:00,0:00
10017,9/28/2022,10:00,17:00
10017,9/29/2022,8:00,17:00
10017,9/30/2022,8:00,17:00
10017,10/10/2022,8:00,17:00
10017,10/11/2022,8:00,17:00
10017,10/13/2022,8:00,17:00
10017,10/14/2022,8:05,17:00
10017,10/17/2022,8:00,17:00
10017,10/18/2022,10:00,17:00
10017,10/19/2022,8:00,17:00
10017,10/20/2022,8:00,17:00
10017,10/21/2022,8:00,17:00
10017,10/24/2022,8:00,17:00
10017,10/25/2022,8:05,17:00
10017,10/26/2022,8:00,17:00
10017,10/27/2022,10:00,17:00
10017,10/28/2022,8:00,17:00
10017,10/31/2022,8:00,17:00
10017,11/10/2022,8:00,17:00
10017,11/11/2022,8:00,17:00
10017,11/14/2022,8:05,17:00
10017,11/15/2022,8:00,17:00
10017,11/16/2022,10:00,17:00
10017,11/17/2022,8:00,17:00
10017,11/18/2022,8:00,17:00
10017,11/21/2022,8:00,17:00
10017,11/22/2022,8:00,17:00
10017,11/23/2022,8:05,17:00
10017,11/24/2022,8:00,17:00
10017,11/25/2022,10:00,17:00
10017,11/28/2022,8:00,17:00
10017,11/29/2022,8:00,17:00
10017,11/30/2022,0:00,0:00
10017,12/9/2022,8:00,17:00
10017,12/10/2022,8:00,17:00
10017,12/12/2022,8:00,17:00
10017,12/13/2022,8:05,17:00
10017,12/14/2022,8:00,17:00
10017,12/15/2022,10:00,17:00
10017,12/16/2022,8:00,17:00
10017,12/19/2022,8:00,17:00
10017,12/20/2022,8:00,17:00
10017,12/21/2022,8:00,17:00
10017,12/22/2022,8:05,17:00
10017,12/23/2022,8:00,17:00
10017,12/26/2022,10:00,17:00
10017,12/27/2022,8:00,17:00
10017,12/28/2022,8:00,17:00
10017,12/29/2022,8:00,17:00
10017,12/30/2022,0:00,0:00
10018,1/9/2022,8:00,17:00
10018,1/11/2022,0:00,0:00
10018,1/12/2022,8:00,17:00
10018,2/9/2022,8:00,17:00
10018,2/11/2022,8:00,17:00
10018,2/12/2022,8:00,17:00
10018,3/10/2022,8:00,17:00
10018,3/11/2022,8:00,17:00
10018,4/10/2022,8:00,17:00
10018,4/11/2022,8:00,17:00
10018,5/9/2022,8:00,17:00
10018,5/10/2022,8:00,17:00
10018,5/12/2022,8:00,17:00
10018,6/9/2022,8:00,17:00
10018,6/10/2022,8:00,17:00
10018,6/12/2022,10:00,17:00
10018,7/9/2022,8:00,17:00
10018,7/10/2022,10:00,17:00
10018,7/11/2022,10:00,17:00
10018,7/12/2022,8:00,17:00
10018,8/9/2022,10:00,17:00
10018,8/11/2022,8:00,17:00
10018,8/12/2022,0:00,0:00
10018,9/9/2022,8:00,17:00
10018,9/11/2022,8:00,17:00
10018,9/12/2022,8:00,17:00
10018,9/13/2022,8:00,17:00
10018,9/14/2022,8:00,17:00
10018,9/15/2022,8:00,17:00
10018,9/16/2022,8:00,17:00
10018,9/19/2022,10:00,17:00
10018,9/20/2022,0:00,0:00
10018,9/21/2022,0:00,0:00
10018,9/22/2022,8:00,17:00
10018,9/23/2022,8:00,17:00
10018,9/26/2022,8:00,17:00
10018,9/27/2022,8:00,17:00
10018,9/28/2022,10:00,17:00
10018,9/29/2022,8:00,17:00
10018,9/30/2022,8:00,17:00
10018,10/10/2022,8:00,17:00
10018,10/11/2022,8:00,17:00
10018,10/13/2022,8:00,17:00
10018,10/14/2022,8:00,17:00
10018,10/17/2022,8:00,17:00
10018,10/18/2022,10:00,17:00
10018,10/19/2022,8:00,17:00
10018,10/20/2022,8:00,17:00
10018,10/21/2022,8:00,17:00
10018,10/24/2022,8:00,17:00
10018,10/25/2022,8:00,17:00
10018,10/26/2022,8:00,17:00
10018,10/27/2022,0:00,0:00
10018,10/28/2022,8:00,17:00
10018,10/31/2022,8:00,17:00
10018,11/10/2022,8:00,17:00
10018,11/11/2022,8:00,17:00
10018,11/14/2022,8:00,17:00
10018,11/15/2022,8:00,17:00
10018,11/16/2022,10:00,17:00
10018,11/17/2022,8:00,17:00
10018,11/18/2022,8:00,17:00
10018,11/21/2022,8:00,17:00
10018,11/22/2022,8:00,17:00
10018,11/23/2022,8:00,17:00
10018,11/24/2022,8:00,17:00
10018,11/25/2022,10:00,17:00
10018,11/28/2022,8:00,17:00
10018,11/29/2022,8:00,17:00
10018,11/30/2022,0:00,0:00
10018,12/9/2022,8:00,17:00
10018,12/10/2022,8:00,17:00
10018,12/12/2022,8:00,17:00
10018,12/13/2022,8:00,17:00
10018,12/14/2022,8:00,17:00
10018,12/15/2022,10:00,17:00
10018,12/16/2022,8:00,17:00
10018,12/19/2022,8:00,17:00
10018,12/20/2022,8:00,17:00
10018,12/21/2022,8:00,17:00
10018,12/22/2022,8:00,17:00
10018,12/23/2022,8:00,17:00
10018,12/26/2022,10:00,17:00
10018,12/27/2022,8:00,17:00
10018,12/28/2022,8:00,17:00
10018,12/29/2022,8:00,17:00
10018,12/30/2022,0:00,0:00
10019,1/9/2022,8:00,17:00
10019,1/11/2022,0:00,0:00
10019,1/12/2022,8:00,17:00
10019,2/9/2022,8:00,17:00
10019,2/11/2022,8:00,17:00
10019,2/12/2022,8:00,17:00
10019,3/10/2022,8:00,17:00
10019,3/11/2022,8:00,17:00
10019,4/10/2022,8:00,17:00
10019,4/11/2022,8:00,17:00
10019,5/9/2022,8:00,17:00
10019,5/10/2022,8:00,17:00
10019,5/12/2022,8:00,17:00
10019,6/9/2022,8:00,17:00
10019,6/10/2022,8:00,17:00
10019,6/12/2022,10:00,17:00
10019,7/9/2022,8:00,17:00
10019,7/10/2022,10:00,17:00
10019,7/11/2022,10:00,17:00
10019,7/12/2022,8:00,17:00
10019,8/9/2022,10:00,17:00
10019,8/11/2022,8:00,17:00
10019,8/12/2022,0:00,0:00
10019,9/9/2022,8:00,17:00
10019,9/11/2022,8:00,17:00
10019,9/12/2022,8:00,17:00
10019,9/13/2022,8:00,17:00
10019,9/14/2022,8:00,17:00
10019,9/15/2022,8:00,17:00
10019,9/16/2022,8:00,17:00
10019,9/19/2022,10:00,17:00
10019,9/20/2022,8:00,17:00
10019,9/21/2022,8:00,17:00
10019,9/22/2022,8:00,17:00
10019,9/23/2022,8:00,17:00
10019,9/26/2022,8:00,17:00
10019,9/27/2022,8:00,17:00
10019,9/28/2022,10:00,17:00
10019,9/29/2022,8:00,17:00
10019,9/30/2022,8:00,17:00
10019,10/10/2022,8:00,17:00
10019,10/11/2022,8:00,17:00
10019,10/13/2022,8:00,17:00
10019,10/14/2022,8:00,17:00
10019,10/17/2022,8:00,17:00
10019,10/18/2022,10:00,17:00
10019,10/19/2022,8:00,17:00
10019,10/20/2022,8:00,17:00
10019,10/21/2022,8:00,17:00
10019,10/24/2022,8:00,17:00
10019,10/25/2022,8:00,17:00
10019,10/26/2022,8:00,17:00
10019,10/27/2022,10:00,17:00
10019,10/28/2022,8:00,17:00
10019,10/31/2022,8:00,17:00
10019,11/10/2022,8:00,17:00
10019,11/11/2022,8:00,17:00
10019,11/14/2022,8:00,17:00
10019,11/15/2022,8:00,17:00
10019,11/16/2022,10:00,17:00
10019,11/17/2022,8:00,17:00
10019,11/18/2022,8:00,17:00
10019,11/21/2022,8:00,17:00
10019,11/22/2022,8:00,17:00
10019,11/23/2022,8:00,17:00
10019,11/24/2022,8:00,17:00
10019,11/25/2022,10:00,17:00
10019,11/28/2022,8:00,17:00
10019,11/29/2022,8:00,17:00
10019,11/30/2022,0:00,0:00
10019,12/9/2022,8:00,17:00
10019,12/10/2022,8:00,17:00
10019,12/12/2022,8:00,17:00
10019,12/13/2022,8:00,17:00
10019,12/14/2022,8:00,17:00
10019,12/15/2022,10:00,17:00
10019,12/16/2022,8:00,17:00
10019,12/19/2022,8:00,17:00
10019,12/20/2022,8:00,17:00
10019,12/21/2022,8:00,17:00
10019,12/22/2022,8:00,17:00
10019,12/23/2022,8:00,17:00
10019,12/26/2022,10:00,17:00
10019,12/27/2022,8:00,17:00
10019,12/28/2022,8:00,17:00
10019,12/29/2022,8:00,17:00
10019,12/30/2022,0:00,0:00
10020,1/9/2022,8:00,17:00
10020,1/11/2022,0:00,0:00
10020,1/12/2022,8:00,17:00
10020,2/9/2022,8:00,17:00
10020,2/11/2022,8:00,17:00
10020,2/12/2022,8:00,17:00
10020,3/10/2022,8:00,17:00
10020,3/11/2022,8:00,17:00
10020,4/10/2022,8:00,17:00
10020,4/11/2022,8:00,17:00
10020,5/9/2022,8:00,17:00
10020,5/10/2022,8:00,17:00
10020,5/12/2022,8:00,17:00
10020,6/9/2022,8:00,17:00
10020,6/10/2022,8:00,17:00
10020,6/12/2022,10:00,17:00
10020,7/9/2022,8:00,17:00
10020,7/10/2022,10:00,17:00
10020,7/11/2022,10:00,17:00
10020,7/12/2022,8:00,17:00
10020,8/9/2022,10:00,17:00
10020,8/11/2022,8:00,17:00
10020,8/12/2022,0:00,0:00
10020,9/9/2022,8:00,17:00
10020,9/11/2022,8:00,17:00
10020,9/12/2022,8:00,17:00
10020,9/13/2022,8:00,17:00
10020,9/14/2022,8:00,17:00
10020,9/15/2022,8:00,17:00
10020,9/16/2022,8:00,17:00
10020,9/19/2022,10:00,17:00
10020,9/20/2022,8:00,17:00
10020,9/21/2022,8:00,17:00
10020,9/22/2022,8:00,17:00
10020,9/23/2022,8:00,17:00
10020,9/26/2022,8:00,17:00
10020,9/27/2022,8:00,17:00
10020,9/28/2022,10:00,17:00
10020,9/29/2022,8:00,17:00
10020,9/30/2022,8:00,17:00
10020,10/10/2022,8:00,17:00
10020,10/11/2022,8:00,17:00
10020,10/13/2022,8:00,17:00
10020,10/14/2022,8:00,17:00
10020,10/17/2022,8:00,17:00
10020,10/18/2022,10:00,17:00
10020,10/19/2022,8:00,17:00
10020,10/20/2022,8:00,17:00
10020,10/21/2022,8:00,17:00
10020,10/24/2022,8:00,17:00
10020,10/25/2022,8:00,17:00
10020,10/26/2022,8:00,17:00
10020,10/27/2022,10:00,17:00
10020,10/28/2022,8:00,17:00
10020,10/31/2022,8:00,17:00
10020,11/10/2022,8:00,17:00
10020,11/11/2022,8:00,17:00
10020,11/14/2022,8:00,17:00
10020,11/15/2022,8:00,17:00
10020,11/16/2022,10:00,17:00
10020,11/17/2022,8:00,17:00
10020,11/18/2022,8:00,17:00
10020,11/21/2022,8:00,17:00
10020,11/22/2022,8:00,17:00
10020,11/23/2022,8:00,17:00
10020,11/24/2022,8:00,17:00
10020,11/25/2022,10:00,17:00
10020,11/28/2022,8:00,17:00
10020,11/29/2022,8:00,17:00
10020,11/30/2022,0:00,0:00
10020,12/9/2022,8:00,17:00
10020,12/10/2022,8:00,17:00
10020,12/12/2022,8:00,17:00
10020,12/13/2022,8:00,17:00
10020,12/14/2022,8:00,17:00
10020,12/15/2022,10:00,17:00
10020,12/16/2022,8:00,17:00
10020,12/19/2022,8:00,17:00
10020,12/20/2022,8:00,17:00
10020,12/21/2022,8:00,17:00
10020,12/22/2022,8:00,17:00
10020,12/23/2022,8:00,17:00
10020,12/26/2022,10:00,17:00
10020,12/27/2022,8:00,17:00
10020,12/28/2022,8:00,17:00
10020,12/29/2022,8:00,17:00
10020,12/30/2022,0:00,0:00
10021,1/9/2022,8:11,17:00
10021,1/11/2022,0:00,0:00
10021,1/12/2022,13:00,17:00
10021,2/9/2022,8:00,17:00
10021,2/11/2022,13:00,17:00
10021,2/12/2022,8:00,17:00
10021,3/10/2022,8:00,17:00
10021,3/11/2022,8:00,17:00
10021,4/10/2022,13:00,17:00
10021,4/11/2022,8:00,17:00
10021,5/9/2022,13:00,17:00
10021,5/10/2022,8:00,17:00
10021,5/12/2022,8:00,17:00
10021,6/9/2022,8:00,17:00
10021,6/10/2022,8:00,17:00
10021,6/12/2022,10:00,17:00
10021,7/9/2022,8:00,17:00
10021,7/10/2022,10:00,17:00
10021,7/11/2022,10:00,17:00
10021,7/12/2022,8:00,17:00
10021,8/9/2022,10:00,17:00
10021,8/11/2022,8:00,17:00
10021,8/12/2022,0:00,0:00
10021,9/9/2022,8:00,17:00
10021,9/11/2022,8:11,17:00
10021,9/12/2022,8:00,17:00
10021,9/13/2022,8:00,17:00
10021,9/14/2022,13:00,17:00
10021,9/15/2022,8:00,17:00
10021,9/16/2022,8:00,17:00
10021,9/19/2022,10:00,17:00
10021,9/20/2022,8:00,17:00
10021,9/21/2022,8:11,17:00
10021,9/22/2022,8:00,17:00
10021,9/23/2022,13:00,17:00
10021,9/26/2022,8:00,17:00
10021,9/27/2022,8:00,17:00
10021,9/28/2022,10:00,17:00
10021,9/29/2022,8:00,17:00
10021,9/30/2022,8:11,17:00
10021,10/10/2022,8:00,17:00
10021,10/11/2022,8:00,17:00
10021,10/13/2022,13:00,17:00
10021,10/14/2022,8:00,17:00
10021,10/17/2022,8:00,17:00
10021,10/18/2022,10:00,17:00
10021,10/19/2022,8:00,17:00
10021,10/20/2022,8:11,17:00
10021,10/21/2022,8:00,17:00
10021,10/24/2022,13:00,17:00
10021,10/25/2022,8:00,17:00
10021,10/26/2022,8:00,17:00
10021,10/27/2022,10:00,17:00
10021,10/28/2022,8:00,17:00
10021,10/31/2022,8:11,17:00
10021,11/10/2022,8:11,17:00
10021,11/11/2022,13:00,17:00
10021,11/14/2022,8:00,17:00
10021,11/15/2022,8:00,17:00
10021,11/16/2022,10:00,17:00
10021,11/17/2022,8:00,17:00
10021,11/18/2022,8:11,17:00
10021,11/21/2022,8:00,17:00
10021,11/22/2022,13:00,17:00
10021,11/23/2022,8:00,17:00
10021,11/24/2022,8:00,17:00
10021,11/25/2022,10:00,17:00
10021,11/28/2022,8:00,17:00
10021,11/29/2022,8:11,17:00
10021,11/30/2022,0:00,0:00
10021,12/9/2022,8:11,17:00
10021,12/10/2022,8:00,17:00
10021,12/12/2022,13:00,17:00
10021,12/13/2022,8:00,17:00
10021,12/14/2022,8:00,17:00
10021,12/15/2022,10:00,17:00
10021,12/16/2022,8:00,17:00
10021,12/19/2022,8:11,17:00
10021,12/20/2022,8:00,17:00
10021,12/21/2022,13:00,17:00
10021,12/22/2022,8:00,17:00
10021,12/23/2022,8:00,17:00
10021,12/26/2022,10:00,17:00
10021,12/27/2022,8:00,17:00
10021,12/28/2022,8:11,17:00
10021,12/29/2022,8:00,17:00
10021,12/30/2022,0:00,0:00
10022,1/9/2022,8:00,17:00
10022,1/11/2022,0:00,0:00
10022,1/12/2022,8:00,17:00
10022,2/9/2022,8:00,17:00
10022,2/11/2022,8:00,17:00
10022,2/12/2022,8:00,17:00
10022,3/10/2022,8:00,17:00
10022,3/11/2022,8:00,17:00
10022,4/10/2022,8:00,17:00
10022,4/11/2022,8:00,17:00
10022,5/9/2022,8:00,17:00
10022,5/10/2022,8:00,17:00
10022,5/12/2022,8:00,17:00
10022,6/9/2022,8:00,17:00
10022,6/10/2022,8:00,17:00
10022,6/12/2022,10:00,17:00
10022,7/9/2022,8:00,17:00
10022,7/10/2022,10:00,17:00
10022,7/11/2022,10:00,17:00
10022,7/12/2022,8:00,17:00
10022,8/9/2022,10:00,17:00
10022,8/11/2022,8:00,17:00
10022,8/12/2022,0:00,0:00
10022,9/9/2022,8:00,17:00
10022,9/11/2022,8:00,17:00
10022,9/12/2022,8:00,17:00
10022,9/13/2022,8:00,17:00
10022,9/14/2022,8:00,17:00
10022,9/15/2022,8:00,17:00
10022,9/16/2022,8:00,17:00
10022,9/19/2022,10:00,17:00
10022,9/20/2022,8:00,17:00
10022,9/21/2022,8:00,17:00
10022,9/22/2022,8:00,17:00
10022,9/23/2022,8:00,17:00
10022,9/26/2022,8:00,17:00
10022,9/27/2022,8:00,17:00
10022,9/28/2022,10:00,17:00
10022,9/29/2022,8:00,17:00
10022,9/30/2022,8:00,17:00
10022,10/10/2022,8:00,17:00
10022,10/11/2022,8:00,17:00
10022,10/13/2022,8:00,17:00
10022,10/14/2022,8:00,17:00
10022,10/17/2022,8:00,17:00
10022,10/18/2022,10:00,17:00
10022,10/19/2022,8:00,17:00
10022,10/20/2022,8:00,17:00
10022,10/21/2022,8:00,17:00
10022,10/24/2022,8:00,17:00
10022,10/25/2022,8:00,17:00
10022,10/26/2022,8:00,17:00
10022,10/27/2022,10:00,17:00
10022,10/28/2022,8:00,17:00
10022,10/31/2022,8:00,17:00
10022,11/10/2022,8:00,17:00
10022,11/11/2022,8:00,17:00
10022,11/14/2022,8:00,17:00
10022,11/15/2022,8:00,17:00
10022,11/16/2022,10:00,17:00
10022,11/17/2022,8:00,17:00
10022,11/18/2022,8:00,17:00
10022,11/21/2022,8:00,17:00
10022,11/22/2022,8:00,17:00
10022,11/23/2022,8:00,17:00
10022,11/24/2022,8:00,17:00
10022,11/25/2022,10:00,17:00
10022,11/28/2022,8:00,17:00
10022,11/29/2022,8:00,17:00
10022,11/30/2022,0:00,0:00
10022,12/9/2022,8:00,17:00
10022,12/10/2022,8:00,17:00
10022,12/12/2022,8:00,17:00
10022,12/13/2022,8:00,17:00
10022,12/14/2022,8:00,17:00
10022,12/15/2022,10:00,17:00
10022,12/16/2022,8:00,17:00
10022,12/19/2022,8:00,17:00
10022,12/20/2022,8:00,17:00
10022,12/21/2022,8:00,17:00
10022,12/22/2022,8:00,17:00
10022,12/23/2022,8:00,17:00
10022,12/26/2022,10:00,17:00
10022,12/27/2022,8:00,17:00
10022,12/28/2022,8:00,17:00
10022,12/29/2022,8:00,17:00
10022,12/30/2022,0:00,0:00
10023,1/9/2022,8:00,17:00
10023,1/11/2022,0:00,0:00
10023,1/12/2022,8:00,17:00
10023,2/9/2022,8:00,17:00
10023,2/11/2022,8:00,17:00
10023,2/12/2022,9:00,17:00
10023,3/10/2022,8:00,17:00
10023,3/11/2022,9:00,17:00
10023,4/10/2022,8:00,17:00
10023,4/11/2022,0:00,0:00
10023,5/9/2022,8:00,17:00
10023,5/10/2022,9:00,17:00
10023,5/12/2022,8:00,17:00
10023,6/9/2022,9:00,17:00
10023,6/10/2022,8:00,17:00
10023,6/12/2022,10:00,17:00
10023,7/9/2022,8:00,17:00
10023,7/10/2022,10:00,17:00
10023,7/11/2022,10:00,17:00
10023,7/12/2022,8:00,17:00
10023,8/9/2022,10:00,17:00
10023,8/11/2022,8:00,17:00
10023,8/12/2022,0:00,0:00
10023,9/9/2022,8:00,17:00
10023,9/11/2022,8:00,17:00
10023,9/12/2022,8:00,17:00
10023,9/13/2022,8:00,17:00
10023,9/14/2022,8:00,17:00
10023,9/15/2022,9:00,17:00
10023,9/16/2022,8:00,17:00
10023,9/19/2022,10:00,17:00
10023,9/20/2022,8:00,17:00
10023,9/21/2022,8:00,17:00
10023,9/22/2022,8:00,17:00
10023,9/23/2022,8:00,17:00
10023,9/26/2022,9:00,17:00
10023,9/27/2022,8:00,17:00
10023,9/28/2022,10:00,17:00
10023,9/29/2022,8:00,17:00
10023,9/30/2022,8:00,17:00
10023,10/10/2022,8:00,17:00
10023,10/11/2022,8:00,17:00
10023,10/13/2022,8:00,17:00
10023,10/14/2022,9:00,17:00
10023,10/17/2022,8:00,17:00
10023,10/18/2022,10:00,17:00
10023,10/19/2022,8:00,17:00
10023,10/20/2022,8:00,17:00
10023,10/21/2022,8:00,17:00
10023,10/24/2022,8:00,17:00
10023,10/25/2022,9:00,17:00
10023,10/26/2022,8:00,17:00
10023,10/27/2022,10:00,17:00
10023,10/28/2022,8:00,17:00
10023,10/31/2022,8:00,17:00
10023,11/10/2022,8:00,17:00
10023,11/11/2022,8:00,17:00
10023,11/14/2022,9:00,17:00
10023,11/15/2022,8:00,17:00
10023,11/16/2022,10:00,17:00
10023,11/17/2022,8:00,17:00
10023,11/18/2022,8:00,17:00
10023,11/21/2022,8:00,17:00
10023,11/22/2022,8:00,17:00
10023,11/23/2022,9:00,17:00
10023,11/24/2022,8:00,17:00
10023,11/25/2022,10:00,17:00
10023,11/28/2022,8:00,17:00
10023,11/29/2022,8:00,17:00
10023,11/30/2022,0:00,0:00
10023,12/9/2022,8:00,17:00
10023,12/10/2022,8:00,17:00
10023,12/12/2022,8:00,17:00
10023,12/13/2022,9:00,17:00
10023,12/14/2022,8:00,17:00
10023,12/15/2022,10:00,17:00
10023,12/16/2022,8:00,17:00
10023,12/19/2022,8:00,17:00
10023,12/20/2022,8:00,17:00
10023,12/21/2022,8:00,17:00
10023,12/22/2022,9:00,17:00
10023,12/23/2022,8:00,17:00
10023,12/26/2022,10:00,17:00
10023,12/27/2022,8:00,17:00
10023,12/28/2022,8:00,17:00
10023,12/29/2022,8:00,17:00
10023,12/30/2022,0:00,0:00
10024,1/9/2022,8:21,17:00
10024,1/11/2022,0:00,0:00
10024,1/12/2022,8:00,17:00
10024,2/9/2022,8:00,17:00
10024,2/11/2022,8:00,17:00
10024,2/12/2022,8:00,17:00
10024,3/10/2022,8:00,17:00
10024,3/11/2022,8:00,17:00
10024,4/10/2022,8:00,17:00
10024,4/11/2022,8:00,17:00
10024,5/9/2022,8:00,17:00
10024,5/10/2022,8:00,17:00
10024,5/12/2022,8:00,17:00
10024,6/9/2022,8:00,17:00
10024,6/10/2022,8:00,17:00
10024,6/12/2022,10:00,17:00
10024,7/9/2022,8:00,17:00
10024,7/10/2022,10:00,17:00
10024,7/11/2022,10:00,17:00
10024,7/12/2022,8:00,17:00
10024,8/9/2022,10:00,17:00
10024,8/11/2022,8:00,17:00
10024,8/12/2022,0:00,0:00
10024,9/9/2022,8:00,17:00
10024,9/11/2022,8:21,17:00
10024,9/12/2022,8:00,17:00
10024,9/13/2022,8:00,17:00
10024,9/14/2022,8:00,17:00
10024,9/15/2022,0:00,0:00
10024,9/16/2022,8:00,17:00
10024,9/19/2022,10:00,17:00
10024,9/20/2022,8:00,17:00
10024,9/21/2022,8:21,17:00
10024,9/22/2022,8:00,17:00
10024,9/23/2022,8:00,17:00
10024,9/26/2022,8:00,17:00
10024,9/27/2022,8:00,17:00
10024,9/28/2022,10:00,17:00
10024,9/29/2022,8:00,17:00
10024,9/30/2022,8:21,17:00
10024,10/10/2022,8:00,17:00
10024,10/11/2022,8:00,17:00
10024,10/13/2022,8:00,17:00
10024,10/14/2022,8:00,17:00
10024,10/17/2022,8:00,17:00
10024,10/18/2022,10:00,17:00
10024,10/19/2022,8:00,17:00
10024,10/20/2022,8:21,17:00
10024,10/21/2022,8:00,17:00
10024,10/24/2022,8:00,17:00
10024,10/25/2022,8:00,17:00
10024,10/26/2022,8:00,17:00
10024,10/27/2022,10:00,17:00
10024,10/28/2022,8:00,17:00
10024,10/31/2022,8:21,17:00
10024,11/10/2022,8:21,17:00
10024,11/11/2022,8:00,17:00
10024,11/14/2022,8:00,17:00
10024,11/15/2022,8:00,17:00
10024,11/16/2022,10:00,17:00
10024,11/17/2022,8:00,17:00
10024,11/18/2022,8:21,17:00
10024,11/21/2022,8:00,17:00
10024,11/22/2022,8:00,17:00
10024,11/23/2022,8:00,17:00
10024,11/24/2022,8:00,17:00
10024,11/25/2022,10:00,17:00
10024,11/28/2022,8:00,17:00
10024,11/29/2022,8:21,17:00
10024,11/30/2022,0:00,0:00
10024,12/9/2022,8:21,17:00
10024,12/10/2022,8:00,17:00
10024,12/12/2022,8:00,17:00
10024,12/13/2022,8:00,17:00
10024,12/14/2022,8:00,17:00
10024,12/15/2022,10:00,17:00
10024,12/16/2022,8:00,17:00
10024,12/19/2022,8:21,17:00
10024,12/20/2022,8:00,17:00
10024,12/21/2022,8:00,17:00
10024,12/22/2022,8:00,17:00
10024,12/23/2022,8:00,17:00
10024,12/26/2022,10:00,17:00
10024,12/27/2022,8:00,17:00
10024,12/28/2022,8:21,17:00
10024,12/29/2022,8:00,17:00
10024,12/30/2022,0:00,0:00
10025,1/9/2022,8:00,17:00
10025,1/11/2022,0:00,0:00
10025,1/12/2022,8:00,17:00
10025,2/9/2022,8:00,17:00
10025,2/11/2022,8:00,17:00
10025,2/12/2022,8:00,17:00
10025,3/10/2022,8:00,17:00
10025,3/11/2022,8:00,17:00
10025,4/10/2022,8:00,17:00
10025,4/11/2022,8:00,17:00
10025,5/9/2022,8:00,17:00
10025,5/10/2022,8:00,17:00
10025,5/12/2022,8:00,17:00
10025,6/9/2022,8:00,17:00
10025,6/10/2022,8:00,17:00
10025,6/12/2022,10:00,17:00
10025,7/9/2022,8:00,17:00
10025,7/10/2022,10:00,17:00
10025,7/11/2022,10:00,17:00
10025,7/12/2022,8:00,17:00
10025,8/9/2022,10:00,17:00
10025,8/11/2022,8:00,17:00
10025,8/12/2022,0:00,0:00
10025,9/9/2022,8:00,17:00
10025,9/11/2022,8:00,17:00
10025,9/12/2022,8:00,17:00
10025,9/13/2022,8:00,17:00
10025,9/14/2022,8:00,17:00
10025,9/15/2022,8:00,17:00
10025,9/16/2022,8:00,17:00
10025,9/19/2022,10:00,17:00
10025,9/20/2022,8:00,17:00
10025,9/21/2022,8:00,17:00
10025,9/22/2022,8:00,17:00
10025,9/23/2022,8:00,17:00
10025,9/26/2022,8:00,17:00
10025,9/27/2022,8:00,17:00
10025,9/28/2022,10:00,17:00
10025,9/29/2022,8:00,17:00
10025,9/30/2022,8:00,17:00
10025,10/10/2022,8:00,17:00
10025,10/11/2022,8:00,17:00
10025,10/13/2022,8:00,17:00
10025,10/14/2022,8:00,17:00
10025,10/17/2022,8:00,17:00
10025,10/18/2022,10:00,17:00
10025,10/19/2022,8:00,17:00
10025,10/20/2022,8:00,17:00
10025,10/21/2022,8:00,17:00
10025,10/24/2022,8:00,17:00
10025,10/25/2022,8:00,17:00
10025,10/26/2022,8:00,17:00
10025,10/27/2022,10:00,17:00
10025,10/28/2022,8:00,17:00
10025,10/31/2022,8:00,17:00
10025,11/10/2022,8:00,17:00
10025,11/11/2022,8:00,17:00
10025,11/14/2022,8:00,17:00
10025,11/15/2022,8:00,17:00
10025,11/16/2022,10:00,17:00
10025,11/17/2022,8:00,17:00
10025,11/18/2022,8:00,17:00
10025,11/21/2022,8:00,17:00
10025,11/22/2022,8:00,17:00
10025,11/23/2022,8:00,17:00
10025,11/24/2022,8:00,17:00
10025,11/25/2022,10:00,17:00
10025,11/28/2022,8:00,17:00
10025,11/29/2022,8:00,17:00
10025,11/30/2022,0:00,0:00
10025,12/9/2022,8:00,17:00
10025,12/10/2022,8:00,17:00
10025,12/12/2022,8:00,17:00
10025,12/13/2022,8:00,17:00
10025,12/14/2022,8:00,17:00
10025,12/15/2022,10:00,17:00
10025,12/16/2022,8:00,17:00
10025,12/19/2022,8:00,17:00
10025,12/20/2022,8:00,17:00
10025,12/21/2022,8:00,17:00
10025,12/22/2022,8:00,17:00
10025,12/23/2022,8:00,17:00
10025,12/26/2022,10:00,17:00
10025,12/27/2022,8:00,17:00
10025,12/28/2022,8:00,17:00
10025,12/29/2022,8:00,17:00
10025,12/30/2022,0:00,0:00
